file,status,question_count
verification/QA_001_q57121_q57220.json,PASS,100
verification/QA_002_q57221_q57320.json,PASS,100
verification/QA_003_q57321_q57420.json,PASS,100
verification/QA_004_q57421_q57520.json,PASS,100
verification/QA_005_q57521_q57620.json,PASS,100
verification/QA_006_q57621_q57720.json,PASS,100
verification/QA_007_q57721_q57820.json,PASS,100
verification/QA_008_q57821_q57920.json,PASS,100
verification/QA_009_q57921_q58020.json,PASS,100
verification/QA_010_q58021_q58120.json,PASS,100
verification/GLOBAL_QA_REPORT.json,PASS,1000
verification/INSTALLER_TEST_REPORT.json,PASS,1000
